<?xml version="1.0" encoding="UTF-8"?>
<chessboard>
    <piece>
        <figure>White Knight</figure>
        <position>A5</position>
    </piece>
    <piece>
        <figure>White Queen</figure>
        <position>D2</position>
    </piece>
    <piece>
        <figure>White Rook</figure>
        <position>D7</position>
    </piece>
    <piece>
        <figure>White Archer</figure>
        <position>D1</position>
    </piece>
    <piece>
        <figure>Black Knight</figure>
        <position>A5</position>
    </piece>
    <piece>
        <figure>Black Queen</figure>
        <position>A2</position>
    </piece>
    <piece>
        <figure>Black Rook</figure>
        <position>A7</position>
    </piece>
    <piece>
        <figure>Black Archer</figure>
        <position>A1</position>
    </piece>
</chessboard>
